"Timestamp","Did you like the design of the website?","Did you like the colors of the website?","Were you able to differentiate links easily?","Did you find the images on the website useful and relevant?","On a scale of 0-10, how would you rate the usability of our website?","What works well on our website?","What’s not working well on our existing website?","Did it take too long to load the website?","Did it take too long to fetch your details on our website?","On a scale of 1-10, how would you rate the performance of our website?","On a scale of 1-10, how would you rate the accessibility element of our website?","How was the experience with our website on your smartphone?","Was the size of web controls appropriate enough?","Could you get all the necessary features on our mobile website?","Do you think you had to click too much to get what you were looking for?","Did the website render well in your browser?"
"2020/04/11 6:33:03 PM GMT+2","","","","","","","","","","","","","","","",""
"2020/04/14 3:48:00 AM GMT+2","I like it!","I like it!","No","Yes","6","Great layout and content. ","The color green that you are using does not have enough contrast and makes it hard to read, especially on a small font size. Same occurs with green background with grey text. Try running your colors through https://webaim.org/resources/contrastchecker/","It was fast to load the website","","8","7","It's ok","Yes","Yes","No","Yes"
"2020/04/14 4:26:31 AM GMT+2","I love it!","I love it!","Yes","Yes","8","Looks great","I didn't know what this website was for at the first look.","It was ok to load the website","It was ok to load the website","8","8","I like it!","Yes","Yes","No","Yes"
"2020/04/14 4:26:42 AM GMT+2","It's ok","I like it!","Yes","Yes","7","","Just by navigating, it is hard to find what is the purpose of this website and how it makes it different than the other website. Highlight your device and connecting image with image for the first timers to understand without spending too much time navigating around. ","It was fast to load the website","It was ok to load the website","8","7","It's ok","I am not sure","I am not sure","Yes","Yes"
"2020/04/14 4:27:43 AM GMT+2","I love it!","I love it!","I am not sure","Yes","8","Website is super dynamic with a great color scheme, and great messaging on what your product does.","The body of your text on your front page for example, is a tad bit too small.","It was fast to load the website","It was fast to load the website","10","10","I love it!","Yes","Yes","Yes","Yes"
"2020/04/14 10:50:46 AM GMT+2","I love it!","I love it!","Yes","Yes","10","Great design","Not easy to immediately grasp what it is about","It was fast to load the website","It was fast to load the website","9","9","I love it!","Yes","Yes","Yes","Yes"
"2020/04/14 11:40:27 PM GMT+2","I like it!","I like it!","No","Yes","10","great design choices and well-written content. ","On the homepage the accessibility widget tends to overlap with your navigation logo. It does not happen with every page it seems. On the homepage the ""Our Technology"" contains a picture that targets to a png image - I am not sure you want it to do that","It was ok to load the website","It was ok to load the website","9","7","I love it!","Yes","Yes","No","Yes"
"2020/04/17 7:06:24 PM GMT+2","I like it!","I like it!","Yes","Yes","8","Very nice flow and intuitive navigation","Some of the text is hard to read (below Conscious Individuals, for example)","It was ok to load the website","It was ok to load the website","8","10","I like it!","Yes","Yes","No","Yes"
"2020/04/18 12:29:54 PM GMT+2","I like it!","I love it!","Yes","I am not sure","8","User friendly and easy to navigate","nope","It was fast to load the website","It was fast to load the website","9","9","I love it!","Yes","Yes","Yes","Yes"
"2020/04/19 7:37:51 AM GMT+2","I love it!","I love it!","Yes","Yes","10","Visually very appealing, a very polished site. ","On your home page: I think 'Regardfull' should be 'Regardful'. Either way, it is not a common word in English. Do you think 'Caring' would be a better choice?","It was ok to load the website","It was ok to load the website","8","10","I like it!","Yes","I am not sure","I am not sure","Yes"
"2020/04/19 8:02:47 PM GMT+2","I like it!","I like it!","I am not sure","No","6","I think you chose a calming color scheme, which is smart given the content","Your font size choices make some of your content difficult to read - especially from an accessibility standpoint. Also, the mix of fonts makes it a little confusing. But otherwise it looks good!","It took long to load the website","It took long to load the website","7","3","It's ok","Yes","Yes","I am not sure","Yes"
"2020/04/20 1:31:39 AM GMT+2","I like it!","I love it!","No","Yes","8","I like the content, graphics and photography. The site has good identity.","When there is a long paragraph, it would be good to highlight things that are important.  Example: How does it work in the About page. In the Technology page: The first diagram is clickable but the click does not have a usable purpose other than display the image bigger.
It is hard to see the clickable items: example: Sign up to become part of something great!
It would help to have some short videos showing how everything works together.
At the home page the smaller font it is readable but it feels too small somehow. 
you should update the copyright year 
Accessibility option is located on top of the logo at the beginning and then it will persist in the last location. It could be located more conveniently by default?","It was fast to load the website","It was ok to load the website","9","9","I love it!","Yes","Yes","No","Yes"